author;year;Assay;ni;mu;sigma;log10_mu;SE;v_GM;ci.lb_GM;ci.ub_GM;r_bar;e.s.e._log10;v;ci.lb;ci.ub;method
Bonetta et al.;2018 (a);qPCR;9;1.8;1.4;0.8;0.20;0.041;0.4;1.2;1.2;0.3;0.086;0.6;1.8;qPCR
Bonetta et al.;2018 (b);qPCR;20;4;2.6;1.7;0.25;0.064;1.2;2.2;3.2;0.5;0.291;2.1;4.3;qPCR
Delgado-V. et al.;2009;qPCR;64;2.2;1.2;1.0;0.07;0.004;0.8;1.1;1.3;0.1;0.007;1.1;1.4;qPCR
Yanez et al.;2011;qPCR;10;3.7;1.9;1.6;0.26;0.068;1.1;2.1;2.4;0.5;0.205;1.5;3.3;qPCR
Bonetta et al.;2018 (a);PMA-qPCR;13;1.1;1.2;0.5;0.14;0.021;0.2;0.8;0.8;0.2;0.037;0.4;1.2;viability_qPCR
Bonetta et al.;2018 (b);PMA-qPCR;51;3.4;2.3;1.5;0.14;0.020;1.2;1.8;2.6;0.3;0.072;2.1;3.2;viability_qPCR
Delgado-V. et al.;2009;EMA-qPCR;64;1.5;1.1;0.7;0.06;0.004;0.5;0.8;0.9;0.1;0.006;0.8;1.1;viability_qPCR
Yanez et al.;2011;PMA-qPCR;10;2.8;1.4;1.2;0.19;0.037;0.8;1.6;1.6;0.3;0.077;1.1;2.2;viability_qPCR
