qPCR_concentration;qPCR_count;culture_concentration;culture_count;qPCR_volume;culture_volume
<LOD;100;4.74E+03;474;1;0.1
<LOD;100;ND;0;1;0.1
3.06E+02;306;ND;0;1;0.1
5.41E+02;541;ND;0;1;0.1
<LOD;100;ND;0;1;0.1
<LOD;100;ND;0;1;0.1
2.90E+02;290;ND;0;1;0.1
<LOD;100;ND;0;1;0.1
<LOD;100;ND;0;1;0.1
<LOD;100;ND;0;1;0.1
<LOD;100;1.10E+02;11;1;0.1
<LOD;100;ND;0;1;0.1
<LOD;100;ND;0;1;0.1
<LOD;100;ND;0;1;0.1
<LOD;100;ND;0;1;0.1
5.60E+02;560;ND;0;1;0.1
<LOD;100;ND;0;1;0.1
<LOD;100;ND;0;1;0.1
