study;author;year;Water system;Country;Chemical;Temperature;mi;sdi;ni
2;Joly et al;2006 (1)_ND;HWSs;France;-;-;1.75;0.99;45
4;Joly et al;2007 (2)_ND;Hospital;France;-;-;0.74;0.52;31
6;Berger;2008_ND;HWSs;Switzerland;None;45.4;1.11;0.85;38
8;Morio et al;2008_ND;Hospital;France;Chlorine;45.7;0.74;0.54;19
10;Delgado-Viscogliosi et al;2009_ND;HWSs;France;-;-;0.99;0.81;64
12;Bonneta et al;2010_ND;Hotels  ;Italy;Chlorine;41.1-70.1;0.58;0.81;29
14;Lee et al;2011 (1)_ND;HCWSs;Switzerland;None;52.6;1.59;0.96;65
16;Lee et al;2011 (2)_ND;HCWSs;Spain;Copper-Silver;51.2;0.35;0.6;37
18;Lee et al;2011 (3)_ND;HCWSs;Spain;Chlorine;48;0.66;0.66;77
20;Lee et al;2011 (4)_ND;HCWSs;France;None;43.8;0.75;0.61;38
22;Lee et al;2011 (5)_ND;HCWSs;Italy;-;36.7;0.21;0.54;57
24;Bonetta et al;2018_ND;Hotel  ;Italy;Chlorine;-;1.11;0.8;35
