study;author;year;Water system;Country;Chemical;Temperature;mi;sdi;ni
1;Wellinghausen et al;2001;Hospital;Germany;-;49.5;1.32;0.51;49
2;Wellinghausen et al;2001_ND;Hospital;Germany;-;49.5;1.28;0.47;66
3;Joly et al;2006 (1);HWSs;France;-;-;1.56;0.92;35
4;Joly et al;2006 (1)_ND;HWSs;France;-;-;1.89;1.25;43
5;Joly et al;2006 (2);Hostipal;France;-;-;0.61;0.46;30
6;Joly et al;2006 (2)_ND;Hostipal;France;-;-;0.76;0.58;39
7;Lee et al;2011 (1);HCWSs;Switzerland;None;52.6;2.14;1.01;31
8;Lee et al;2011 (1)_ND;HCWSs;Switzerland;None;52.6;2.31;1.26;88
9;Lee et al;2011 (2);HCWSs;Spain;Copper-Silver;50.2;0.58;0.54;29
10;Lee et al;2011 (2)_ND;HCWSs;Spain;Copper-Silver;50.2;0.59;0.56;39
11;Lee et al;2011 (3);HCWSs;Spain;Chlorine;48;0.73;0.51;45
12;Lee et al;2011 (3)_ND;HCWSs;Spain;Chlorine;48;0.88;0.7;78
13;Lee et al;2011 (4);HCWSs;France;None;43.8;1.2;0.46;39
14;Lee et al;2011 (4)_ND;HCWSs;France;None;43.8;1.5;0.7;74
15;Lee et al;2011 (5);HCWSs;UK;Chlorine dioxide;41.3;0.31;0.39;16
16;Lee et al;2011 (5)_ND;HCWSs;UK;Chlorine dioxide;41.3;0.74;0.63;56
17;Lee et al;2011 (6);HCWSs;Germany;-;52.1;1.17;0.78;36
18;Lee et al;2011 (6)_ND;HCWSs;Germany;-;52.1;1.57;0.9;58
19;Lee et al;2011 (7);HCWSs;Italy;-;36.7;0.66;0.52;53
20;Lee et al;2011 (7)_ND;HCWSs;Italy;-;36.7;0.95;0.8;74
23;Ditommaso et al;2014;Hospital;Italy;None;Thermal Shock;2.4;0.94;19
24;Ditommaso et al;2014_ND;Hospital;Italy;None;Thermal Shock;2.4;1.1;38
