study;author;year;Water system;Country;mi;sdi;ni;Building type;Water temperature ;Chemical desinfection
1;Wellinghausen et al;2001;Hospital;Germany;1.32;0.51;49;;;
2;Joly et al;2006 (1);HWSs;France;1.56;0.92;35;Not reported;-;-
3;Joly et al;2006 (2);Hostipal;France;0.61;0.46;30;Healthcare Hospital;-;-
4;Lee et al;2011 (1);HCWSs;Switzerland;2.14;1.01;31;-;Mean = 56.2;None
5;Lee et al;2011 (2);HCWSs, Copper-silver;Spain;0.58;0.54;29;-;Mean = 48.8;Cupper-Silver & Chlorine
6;Lee et al;2011 (3);HCWSs, Chlorine;Spain;0.73;0.51;45;;;
7;Lee et al;2011 (4);HCWSs;France;1.2;0.46;39;-;Mean = 43.8;None
8;Lee et al;2011 (5);HCWSs;UK;0.31;0.39;16;-;Mean = 41.3;Chlorine
9;Lee et al;2011 (6);HCWSs;Germany;1.17;0.78;36;;Mean = 52.1;-
10;Lee et al;2011 (7);HCWSs;Italy;0.66;0.52;53;-;Mean = 36.7;-
11;Qin et al;2012;Piped water system;China;1.04;1.14;32;-;-;-
12;Ditommaso et al;2014;Hospital;Italy;2.4;0.94;19;Healthcare Hospital;<25 to >45;Heat Shock
13;Collins et al;2015;HCWSs;UK;0.7;0.94;32;-;-;-
14;Collins et al;2017;HCWSs;UK;1.02;0.98;153;-;-;-
