study;author;year;Water system;Country;Chemical;Temperature;mi;sdi;ni
1;Wellinghausen et al;2001;Hospital;Germany;-;49.5;1.32;0.51;49
3;Joly et al;2006 (1);HWSs;France;-;-;1.56;0.92;35
5;Joly et al;2006 (2);Hostipal;France;-;-;0.61;0.46;30
7;Lee et al;2011 (1);HCWSs;Switzerland;None;52.6;2.14;1.01;31
9;Lee et al;2011 (2);HCWSs;Spain;Copper-Silver;50.2;0.58;0.54;29
11;Lee et al;2011 (3);HCWSs;Spain;Chlorine;48;0.73;0.51;45
13;Lee et al;2011 (4);HCWSs;France;None;43.8;1.2;0.46;39
15;Lee et al;2011 (5);HCWSs;UK;Chlorine dioxide;41.3;0.31;0.39;16
17;Lee et al;2011 (6);HCWSs;Germany;-;52.1;1.17;0.78;36
19;Lee et al;2011 (7);HCWSs;Italy;-;36.7;0.66;0.52;53
23;Ditommaso et al;2014;Hospital;Italy;None;Thermal Shock;2.4;0.94;19
