study;author;year;Water system;Country;Chemical;Temperature;mi;sdi;ni
1;Joly et al;2006 (1);HWSs;France;-;-;1.34;0.79;31
2;Joly et al;2006 (2);Hospital;France;-;-;0.64;0.47;27
3;Berger;2008;HWSs;Switzerland;None;45.4;0.97;0.48;28
4;Morio et al;2008;Hospital;France;Chlorine;45.7;0.58;0.41;15
5;Delgado-Viscogliosi et al;2009;HWSs;France;-;-;0.97;0.82;61
6;Bonneta et al;2010;Hotels  ;Italy;Chlorine;41.1-70.0;0.3;0.67;19
7;Lee et al;2011 (1);HCWSs;Switzerland;None;52.6;1.67;0.84;25
8;Lee et al;2011 (2);HCWSs;Spain;Copper-Silver;50.2;0.381;0.531;26
9;Lee et al;2011 (3);HCWSs;Spain;Chlorine;48;0.468;0.448;44
10;Lee et al;2011 (4);HCWSs;France;None;43.8;0.72;0.35;19
11;Lee et al;2011 (5);HCWSs;Italy;-;36.7;0.22;0.4;27
12;Collins et al;2015;HCWSs;UK;-;-;0.47;0.87;23
13;Collins et al;2017;HCWSs;UK;-;-;1.01;1.01;140
14;Toplitsch et al;2018;-;Austria;Chlorine;-;1.12;0.43;18
15;Bonetta et al;2018;Hotel  ;Italy;Chlorine;-;0.907;0.714;29
