study;author;year;Water system;Country;Chemical;Temperature;mi;sdi;ni
1;Joly et al;2006 (1);HWSs;France;-;-;1.34;0.79;31
2;Joly et al;2006 (1)_ND;HWSs;France;-;-;1.75;0.99;45
3;Joly et al;2006 (2);Hospital;France;-;-;0.64;0.47;27
4;Joly et al;2007 (2)_ND;Hospital;France;-;-;0.74;0.52;31
5;Berger;2008;HWSs;Switzerland;None;45.4;0.97;0.48;28
6;Berger;2008_ND;HWSs;Switzerland;None;45.4;1.11;0.85;38
7;Morio et al;2008;Hospital;France;Chlorine;45.7;0.58;0.41;15
8;Morio et al;2008_ND;Hospital;France;Chlorine;45.7;0.74;0.54;19
9;Delgado-Viscogliosi et al;2009;HWSs;France;-;-;0.97;0.82;61
10;Delgado-Viscogliosi et al;2009_ND;HWSs;France;-;-;0.99;0.81;64
11;Bonneta et al;2010;Hotels  ;Italy;Chlorine;41.1-70.0;0.3;0.67;19
12;Bonneta et al;2010_ND;Hotels  ;Italy;Chlorine;41.1-70.1;0.58;0.81;29
13;Lee et al;2011 (1);HCWSs;Switzerland;None;52.6;1.67;0.84;25
14;Lee et al;2011 (1)_ND;HCWSs;Switzerland;None;52.6;1.59;0.96;65
15;Lee et al;2011 (2);HCWSs;Spain;Copper-Silver;50.2;0.381;0.531;26
16;Lee et al;2011 (2)_ND;HCWSs;Spain;Copper-Silver;51.2;0.35;0.6;37
17;Lee et al;2011 (3);HCWSs;Spain;Chlorine;48;0.468;0.448;44
18;Lee et al;2011 (3)_ND;HCWSs;Spain;Chlorine;48;0.66;0.66;77
19;Lee et al;2011 (4);HCWSs;France;None;43.8;0.72;0.35;19
20;Lee et al;2011 (4)_ND;HCWSs;France;None;43.8;0.75;0.61;38
21;Lee et al;2011 (5);HCWSs;Italy;-;36.7;0.22;0.4;27
22;Lee et al;2011 (5)_ND;HCWSs;Italy;-;36.7;0.21;0.54;57
23;Bonetta et al;2018;Hotel  ;Italy;Chlorine;-;0.907;0.714;29
24;Bonetta et al;2018;Hotel  ;Italy;Chlorine;-;1.11;0.8;35
